叶子特征,系数
gbdt_leaf_21_45,-0.4188095562102039
gbdt_leaf_31_37,0.36255177857367443
gbdt_leaf_31_30,0.3576760514469708
gbdt_leaf_4_20,0.33331874552696983
gbdt_leaf_0_21,-0.3055970042745145
gbdt_leaf_24_29,-0.29574800980761673
gbdt_leaf_21_25,-0.2930662817954171
gbdt_leaf_22_0,0.2900132666389161
gbdt_leaf_15_13,0.28637952499940506
gbdt_leaf_29_16,0.2854573707563846
gbdt_leaf_27_14,0.2836695935655668
gbdt_leaf_2_11,-0.28302723465567153
gbdt_leaf_2_20,0.28075641363901915
gbdt_leaf_28_20,0.2793776597206306
gbdt_leaf_20_18,0.2744514185894281
gbdt_leaf_5_33,-0.27180326364067614
gbdt_leaf_29_29,0.27156717871532937
gbdt_leaf_18_14,0.2708308880368292
gbdt_leaf_22_13,0.27015210118207805
gbdt_leaf_13_1,-0.26753185559496506
gbdt_leaf_27_16,0.2556978036924721
gbdt_leaf_22_28,0.25566815864615844
gbdt_leaf_24_12,-0.25408514114677433
gbdt_leaf_4_7,-0.2534231779569744
gbdt_leaf_0_26,-0.2521437470588882
gbdt_leaf_19_30,0.25134549054693206
gbdt_leaf_24_45,0.25093422798188264
gbdt_leaf_10_25,0.24776588536342253
gbdt_leaf_17_30,0.24323731538258767
gbdt_leaf_8_16,0.24261746312727014
gbdt_leaf_7_27,-0.24214302765613452
gbdt_leaf_18_6,0.24162000600166092
gbdt_leaf_10_17,-0.23873769944249276
gbdt_leaf_26_18,-0.23568162981975677
gbdt_leaf_14_37,-0.23376013464154358
gbdt_leaf_19_2,-0.23326351856897776
gbdt_leaf_25_36,0.23319532769588477
gbdt_leaf_25_23,-0.23218015689061494
gbdt_leaf_5_20,0.23140013762053996
gbdt_leaf_17_47,-0.2313746687764733
gbdt_leaf_10_29,0.22950079515690955
gbdt_leaf_0_0,-0.22736382994133514
gbdt_leaf_16_2,-0.22690306491762846
gbdt_leaf_25_7,0.22553688056027463
gbdt_leaf_12_19,-0.22522831527488638
gbdt_leaf_7_21,0.22356133918237325
gbdt_leaf_27_6,-0.22293819239401577
gbdt_leaf_12_8,-0.22056243697935551
gbdt_leaf_23_12,-0.2205128053206874
gbdt_leaf_14_10,0.2201449125299206
gbdt_leaf_12_45,-0.21935574499771268
gbdt_leaf_29_4,-0.21903663707640797
gbdt_leaf_25_12,0.21854767388421756
gbdt_leaf_12_10,0.21806644233546477
gbdt_leaf_11_16,0.21679947556460505
gbdt_leaf_22_42,-0.21629363835324875
gbdt_leaf_26_31,-0.21513775332268725
gbdt_leaf_13_30,0.215132044234199
gbdt_leaf_8_8,0.2151194157973503
gbdt_leaf_27_7,-0.21492597745634973
gbdt_leaf_28_4,-0.21350011836369764
gbdt_leaf_28_22,-0.2129582776410298
gbdt_leaf_9_27,-0.2122647051114656
gbdt_leaf_17_29,-0.21170801602918382
gbdt_leaf_15_26,-0.21134176321946094
gbdt_leaf_8_14,0.21005930432112951
gbdt_leaf_30_4,0.20990962076499914
gbdt_leaf_9_22,0.2098846235210551
gbdt_leaf_12_2,0.20910752919903833
gbdt_leaf_26_25,0.20875895122970084
gbdt_leaf_11_21,-0.20858426221761525
gbdt_leaf_16_39,-0.20857262703242252
gbdt_leaf_2_24,-0.20611222973725013
gbdt_leaf_19_23,-0.20580443486262026
gbdt_leaf_0_15,-0.20457719749446338
gbdt_leaf_25_41,-0.20369557772167854
gbdt_leaf_29_5,-0.20363403051530635
gbdt_leaf_11_8,0.20291469210824137
gbdt_leaf_12_5,-0.20255107582600418
gbdt_leaf_8_43,-0.2000885661152573
gbdt_leaf_15_29,0.19966741229315302
gbdt_leaf_21_9,0.19852164049459328
gbdt_leaf_27_23,-0.1981046097001401
gbdt_leaf_14_22,0.19680291139826608
gbdt_leaf_8_26,-0.19626783607684786
gbdt_leaf_31_15,0.19604039000508522
gbdt_leaf_24_42,-0.19571291057307236
gbdt_leaf_29_12,0.1956180460632548
gbdt_leaf_29_3,-0.19532783965486886
gbdt_leaf_31_34,-0.19526902226798937
gbdt_leaf_26_12,-0.19519647677820964
gbdt_leaf_6_34,0.19500547337743965
gbdt_leaf_17_10,-0.19434116292695572
gbdt_leaf_7_12,-0.19434116292695572
gbdt_leaf_15_8,-0.19434116292695572
gbdt_leaf_8_12,0.19356774386839756
gbdt_leaf_20_6,0.19356774386839756
gbdt_leaf_30_13,-0.19304807411646166
gbdt_leaf_29_0,-0.19262188775148528
gbdt_leaf_31_46,-0.19192203378712083
gbdt_leaf_18_9,-0.19151016812405075
gbdt_leaf_6_33,0.19149423168772278
gbdt_leaf_13_2,-0.1910073917490859
gbdt_leaf_13_23,-0.19050745732525215
gbdt_leaf_1_26,0.19042940051233678
gbdt_leaf_2_22,-0.19031538126048078
gbdt_leaf_6_22,0.1895123755222756
gbdt_leaf_25_17,0.1893105442392319
gbdt_leaf_3_30,0.18874425665997482
gbdt_leaf_9_43,-0.18795862841988967
gbdt_leaf_12_17,0.18751949926712955
gbdt_leaf_0_9,0.18751949926712955
gbdt_leaf_22_15,-0.18679187945299505
gbdt_leaf_0_2,0.18653469272511897
gbdt_leaf_0_11,-0.1861729875558602
gbdt_leaf_28_35,-0.18558426976598308
gbdt_leaf_26_10,-0.18526972378471543
gbdt_leaf_3_35,0.1850011048863204
gbdt_leaf_18_20,-0.18408056518518834
gbdt_leaf_25_35,-0.18399996862590273
gbdt_leaf_16_25,-0.1834310437869604
gbdt_leaf_10_9,-0.1814321678436041
gbdt_leaf_9_28,0.181023845464206
gbdt_leaf_13_32,-0.1806832122145744
gbdt_leaf_31_29,-0.18007624437830874
gbdt_leaf_16_37,-0.1800400861258851
gbdt_leaf_6_8,-0.17956021539137518
gbdt_leaf_3_48,-0.17916645476275772
gbdt_leaf_12_18,-0.17843380866861025
gbdt_leaf_11_42,-0.17779945164680386
gbdt_leaf_26_23,-0.1774977106335769
gbdt_leaf_20_15,0.17741850497434222
gbdt_leaf_19_9,0.17713903859443594
gbdt_leaf_11_12,-0.17713336453838902
gbdt_leaf_19_11,-0.17708935865258776
gbdt_leaf_13_13,0.17679089422577732
gbdt_leaf_3_25,-0.1767290580103202
gbdt_leaf_11_11,-0.17599424127658964
gbdt_leaf_4_34,-0.17592396249781347
gbdt_leaf_9_9,0.17538355573125414
gbdt_leaf_31_11,-0.17479026919333907
gbdt_leaf_30_28,0.17472263524163031
gbdt_leaf_22_8,-0.1741429386920702
gbdt_leaf_14_19,-0.17405953292176776
gbdt_leaf_6_1,-0.17393413842823938
gbdt_leaf_12_11,-0.17391997233451045
gbdt_leaf_1_8,-0.17373017760894963
gbdt_leaf_6_5,0.17346285238686518
gbdt_leaf_15_14,-0.17344042627368741
gbdt_leaf_31_20,0.17240518862070098
gbdt_leaf_7_16,-0.17204391754085033
gbdt_leaf_11_32,-0.17192559380292963
gbdt_leaf_29_36,-0.17182013871998697
gbdt_leaf_4_10,-0.17168921464213988
gbdt_leaf_17_26,0.17099460031775002
gbdt_leaf_26_24,0.17022054199457498
gbdt_leaf_28_5,-0.17014431671619487
gbdt_leaf_2_19,-0.16917562632464106
gbdt_leaf_31_21,-0.16887856911112556
gbdt_leaf_17_46,-0.16850600220028183
gbdt_leaf_27_12,-0.16818353858282217
gbdt_leaf_9_23,0.1681687005389304
gbdt_leaf_11_45,-0.16798958534646014
gbdt_leaf_19_42,0.16740790471705094
gbdt_leaf_16_4,0.16626837756285745
gbdt_leaf_19_4,0.16626837756285745
gbdt_leaf_10_20,0.16608856668657315
gbdt_leaf_10_36,0.1658340503640075
gbdt_leaf_16_26,0.16520755847950672
gbdt_leaf_27_20,0.1642836991088056
gbdt_leaf_26_45,-0.1639353443111963
gbdt_leaf_29_28,-0.16339040783682468
gbdt_leaf_7_46,-0.16324065274823868
gbdt_leaf_22_29,0.16321800782804566
gbdt_leaf_24_4,0.16302921665322279
gbdt_leaf_25_20,-0.1625999250986155
gbdt_leaf_1_27,-0.16222719165781996
gbdt_leaf_22_7,-0.16209663058072613
gbdt_leaf_3_11,0.16199578564938935
gbdt_leaf_15_11,-0.16139929752877527
gbdt_leaf_7_29,0.1609122086672264
gbdt_leaf_30_6,-0.16059570614808652
gbdt_leaf_27_5,0.16052640289034056
gbdt_leaf_23_36,-0.16029405372781036
gbdt_leaf_19_26,0.15994287340378818
gbdt_leaf_14_2,-0.15956071073775852
gbdt_leaf_27_21,-0.15942784519411665
gbdt_leaf_2_4,0.15917710281169298
gbdt_leaf_30_8,-0.15890580415968933
gbdt_leaf_26_39,-0.15879895128763652
gbdt_leaf_18_22,0.15842366642445121
gbdt_leaf_27_15,-0.15809196066424083
gbdt_leaf_14_6,0.15761673582144906
gbdt_leaf_25_37,-0.15750967718235512
gbdt_leaf_6_32,-0.15694713314263917
gbdt_leaf_29_33,0.1558919092206807
gbdt_leaf_7_24,-0.15586060343251715
gbdt_leaf_17_36,-0.1556312834992335
gbdt_leaf_18_46,-0.15550671740576974
gbdt_leaf_9_26,-0.15545996601517365
gbdt_leaf_9_20,-0.1553036839623467
gbdt_leaf_23_37,-0.15519424926816766
gbdt_leaf_28_36,0.15515959751710232
gbdt_leaf_5_41,-0.1551542584975484
gbdt_leaf_23_2,-0.15417524929753462
gbdt_leaf_31_3,-0.15417524929753462
gbdt_leaf_17_2,-0.15402916972012579
gbdt_leaf_27_3,-0.15389694054744466
gbdt_leaf_19_25,-0.15327768640431155
gbdt_leaf_6_26,-0.15309639166058825
gbdt_leaf_21_0,-0.1529041123754116
gbdt_leaf_30_11,0.15281791329664224
gbdt_leaf_16_30,-0.15238402016628552
gbdt_leaf_31_32,0.15217915081571382
gbdt_leaf_5_45,-0.1521119874079667
gbdt_leaf_20_39,-0.1520494290384523
gbdt_leaf_2_34,-0.1520394363260829
gbdt_leaf_7_23,0.1519311106100463
gbdt_leaf_16_10,0.1518731154405444
gbdt_leaf_24_47,-0.15181796469347195
gbdt_leaf_14_42,-0.1515810005175651
gbdt_leaf_1_34,-0.15121989611558104
gbdt_leaf_17_32,-0.1509807152533599
gbdt_leaf_17_15,-0.15094044051221647
gbdt_leaf_24_11,-0.15094044051221647
gbdt_leaf_6_16,-0.15089500421249516
gbdt_leaf_26_9,0.15064766817939218
gbdt_leaf_13_29,0.1502074880885757
gbdt_leaf_22_39,-0.15018605159281928
gbdt_leaf_4_29,-0.15017330289322756
gbdt_leaf_26_30,0.1501587150736599
gbdt_leaf_21_20,-0.1500644514252217
gbdt_leaf_22_33,0.15001453919030586
gbdt_leaf_6_10,0.14958774654151383
gbdt_leaf_10_47,-0.14949108501456967
gbdt_leaf_27_39,-0.14946917424782535
gbdt_leaf_21_8,-0.14874678919066897
gbdt_leaf_11_1,0.1482989838463919
gbdt_leaf_27_22,0.14819974335731956
gbdt_leaf_9_29,-0.14815473616765099
gbdt_leaf_21_47,0.14814478046462895
gbdt_leaf_10_39,-0.14810791697259162
gbdt_leaf_18_2,0.14804438676615117
gbdt_leaf_8_34,0.14789770934728144
gbdt_leaf_25_8,0.1477363838981014
gbdt_leaf_18_43,-0.14755757865366256
gbdt_leaf_3_14,-0.1473706403632844
gbdt_leaf_13_15,-0.14725362749379678
gbdt_leaf_30_7,0.1469746754483192
gbdt_leaf_22_9,-0.14652042271594373
gbdt_leaf_14_20,-0.14648958711901933
gbdt_leaf_28_6,-0.14611254620129635
gbdt_leaf_31_31,-0.14606203232133524
gbdt_leaf_16_46,-0.14599194021501688
gbdt_leaf_10_46,-0.145857948408864
gbdt_leaf_4_35,0.1451305313724476
gbdt_leaf_16_0,-0.14509712853249465
gbdt_leaf_0_6,0.14498879294337982
gbdt_leaf_15_2,-0.14498460230506466
gbdt_leaf_3_2,-0.1448563295352136
gbdt_leaf_6_0,-0.14478165310113486
gbdt_leaf_24_14,-0.14461544060694592
gbdt_leaf_19_45,-0.14457734075706336
gbdt_leaf_9_21,-0.14453227538234564
gbdt_leaf_16_28,0.1442986106533269
gbdt_leaf_25_6,-0.14415168520547272
gbdt_leaf_31_33,-0.14404912616305254
gbdt_leaf_12_9,0.14392753379826026
gbdt_leaf_18_42,-0.14371470505942538
gbdt_leaf_12_27,-0.1436210274972867
gbdt_leaf_23_24,-0.14340304867908715
gbdt_leaf_1_38,0.143022416937053
gbdt_leaf_1_30,-0.14290781356124954
gbdt_leaf_4_16,-0.1428526238759301
gbdt_leaf_31_9,0.14270529243793992
gbdt_leaf_22_40,-0.14231772363786466
gbdt_leaf_0_35,-0.14209137636380667
gbdt_leaf_15_0,-0.14206197460996586
gbdt_leaf_0_30,-0.1419230130784364
gbdt_leaf_23_20,-0.14184893655480468
gbdt_leaf_20_31,-0.14175712583821057
gbdt_leaf_1_22,-0.14174220847246477
gbdt_leaf_5_28,0.14152620433062912
gbdt_leaf_11_10,0.1414989384805115
gbdt_leaf_3_6,-0.14109938411032463
gbdt_leaf_8_18,-0.14072920116319668
gbdt_leaf_8_27,-0.14055693771385502
gbdt_leaf_5_26,-0.14004126400810796
gbdt_leaf_21_10,0.13919023461658422
gbdt_leaf_20_14,0.13911493519107684
gbdt_leaf_28_47,-0.1390097878951859
gbdt_leaf_9_36,-0.13890632238325604
gbdt_leaf_30_24,0.13859114026352148
gbdt_leaf_20_45,-0.138557844962222
gbdt_leaf_28_13,0.13855746907762348
gbdt_leaf_13_40,0.13821850758900317
gbdt_leaf_4_28,-0.1375295210561051
gbdt_leaf_16_12,0.13745321523834966
gbdt_leaf_27_32,0.13701392128887682
gbdt_leaf_16_32,-0.13689269558974987
gbdt_leaf_10_32,0.13683715295987944
gbdt_leaf_30_14,0.13678560574336618
gbdt_leaf_10_24,0.13665747483479757
gbdt_leaf_25_18,-0.13664309144517042
gbdt_leaf_16_17,-0.13657614389885578
gbdt_leaf_31_48,-0.136074692790091
gbdt_leaf_31_25,-0.13605867428685478
gbdt_leaf_26_19,0.13599184067477357
gbdt_leaf_20_20,-0.13586907672228576
gbdt_leaf_3_16,0.13583996818950986
gbdt_leaf_31_26,-0.13582593417165875
gbdt_leaf_21_27,-0.13491553912750032
gbdt_leaf_30_48,-0.1348983498218188
gbdt_leaf_12_16,0.13456194892719972
gbdt_leaf_21_24,-0.13455741642737978
gbdt_leaf_7_6,-0.13437918690073783
gbdt_leaf_12_3,-0.13432197993850092
gbdt_leaf_9_3,-0.13417630890271198
gbdt_leaf_25_11,-0.13412608384258332
gbdt_leaf_13_48,-0.13410844047344855
gbdt_leaf_28_33,0.1338994931675891
gbdt_leaf_21_44,-0.13330690564615377
gbdt_leaf_4_30,0.13326432084561166
gbdt_leaf_22_22,-0.133199668667404
gbdt_leaf_26_27,0.13319345794798437
gbdt_leaf_29_6,-0.13310674299162153
gbdt_leaf_6_9,-0.13271808356573678
gbdt_leaf_31_0,-0.13254905219736837
gbdt_leaf_26_42,-0.13249987805400362
gbdt_leaf_1_9,0.1324938106580718
gbdt_leaf_17_37,0.13237886675648838
gbdt_leaf_23_22,-0.13235240819763583
gbdt_leaf_27_27,-0.13204037723524237
gbdt_leaf_19_12,0.13183524298978588
gbdt_leaf_3_1,0.13175402850829515
gbdt_leaf_6_38,-0.1314862426934439
gbdt_leaf_8_37,-0.1314862426934439
gbdt_leaf_20_40,-0.1313424825230018
gbdt_leaf_13_3,0.1312655844353263
gbdt_leaf_1_3,-0.13122608037994363
gbdt_leaf_23_49,-0.13063224788008582
gbdt_leaf_1_20,-0.13055665450183915
gbdt_leaf_4_6,-0.13039386194729785
gbdt_leaf_17_13,0.13009497362187133
gbdt_leaf_30_16,-0.12966605693920585
gbdt_leaf_16_31,-0.129467369145063
gbdt_leaf_16_42,-0.12939467562148285
gbdt_leaf_29_44,-0.1288116583312357
gbdt_leaf_30_0,-0.128768047621988
gbdt_leaf_14_33,-0.12866543071093364
gbdt_leaf_3_18,-0.12861345994894935
gbdt_leaf_26_16,-0.1285144636744908
gbdt_leaf_20_46,-0.12847743596785616
gbdt_leaf_1_32,0.12842603785810938
gbdt_leaf_21_11,0.12835616182398954
gbdt_leaf_11_25,-0.1282520614059498
gbdt_leaf_19_8,-0.12823140608006792
gbdt_leaf_12_40,-0.12796350715060908
gbdt_leaf_21_13,-0.12779366345622534
gbdt_leaf_11_24,-0.1277411203793514
gbdt_leaf_28_19,0.12766119643622006
gbdt_leaf_14_35,-0.12759907220263791
gbdt_leaf_19_36,-0.1275878267661343
gbdt_leaf_16_44,-0.1271545529238711
gbdt_leaf_1_10,-0.12714101842671155
gbdt_leaf_17_0,-0.12710327753968353
gbdt_leaf_23_9,0.12704844391889908
gbdt_leaf_21_29,-0.12704517465336446
gbdt_leaf_11_34,-0.12684684987156042
gbdt_leaf_29_32,-0.12669277989429858
gbdt_leaf_2_15,0.1265982576097563
gbdt_leaf_21_22,0.12646072116898802
gbdt_leaf_19_0,-0.12637095142520674
gbdt_leaf_18_41,-0.12618848761385146
gbdt_leaf_11_17,-0.12597786392430993
gbdt_leaf_29_1,-0.1259680179523741
gbdt_leaf_30_25,-0.12580786655312914
gbdt_leaf_16_8,0.12566600513484835
gbdt_leaf_8_36,-0.12553123675786335
gbdt_leaf_11_47,-0.1255227610912053
gbdt_leaf_8_30,0.1254123533870118
gbdt_leaf_23_13,-0.12494716116258894
gbdt_leaf_0_34,0.12486741198697904
gbdt_leaf_5_12,-0.12486220851791738
gbdt_leaf_28_28,0.1247557248366769
gbdt_leaf_0_8,0.1247157186655107
gbdt_leaf_12_35,-0.12455115068431694
gbdt_leaf_26_5,-0.12446472811713873
gbdt_leaf_0_25,0.1243792247039686
gbdt_leaf_10_31,-0.12404716275314082
gbdt_leaf_4_27,-0.12402346215599962
gbdt_leaf_1_5,0.123819895644853
gbdt_leaf_26_0,0.1237684521146524
gbdt_leaf_10_1,-0.12341056269352499
gbdt_leaf_20_27,0.12333553875321443
gbdt_leaf_26_8,-0.12293794063060157
gbdt_leaf_17_8,-0.12288088234716177
gbdt_leaf_6_46,-0.12281737680396859
gbdt_leaf_8_46,-0.12281737680396859
gbdt_leaf_19_14,-0.12270753382187057
gbdt_leaf_17_19,0.12267391724890286
gbdt_leaf_10_30,0.122614187801984
gbdt_leaf_2_23,-0.12255102994412576
gbdt_leaf_19_16,-0.12248083411384275
gbdt_leaf_18_17,-0.12248083411384275
gbdt_leaf_12_24,-0.12248083411384275
gbdt_leaf_25_5,-0.12236151626486914
gbdt_leaf_13_37,-0.12233727945455056
gbdt_leaf_30_15,-0.12231569927298268
gbdt_leaf_4_37,-0.12229521129766514
gbdt_leaf_10_3,-0.12202484956705623
gbdt_leaf_14_49,-0.12199529288014338
gbdt_leaf_3_27,-0.12186223379900536
gbdt_leaf_5_13,-0.12181971571565407
gbdt_leaf_16_13,-0.12180776679571664
gbdt_leaf_14_25,-0.12177808628470346
gbdt_leaf_20_19,-0.12171434910675791
gbdt_leaf_25_14,0.12163971837268694
gbdt_leaf_26_41,-0.12146963573366781
gbdt_leaf_1_17,0.1210762245250561
gbdt_leaf_29_7,-0.12099970780513147
gbdt_leaf_23_33,0.12063109942596958
gbdt_leaf_28_27,-0.1202926769914838
gbdt_leaf_18_33,-0.12027785446983255
gbdt_leaf_18_7,-0.11974296231090868
gbdt_leaf_29_14,-0.119672156676459
gbdt_leaf_13_10,0.11950063522943555
gbdt_leaf_13_5,-0.11942050497780976
gbdt_leaf_22_48,-0.11940690536587008
gbdt_leaf_15_33,-0.11939250265357505
gbdt_leaf_10_27,-0.11900177030594129
gbdt_leaf_31_40,-0.11899808884379755
gbdt_leaf_22_45,-0.11865364897533265
gbdt_leaf_29_26,0.1184837516555917
gbdt_leaf_16_9,-0.11847550779840108
gbdt_leaf_18_3,0.11844383341955196
gbdt_leaf_16_3,0.11844383341955196
gbdt_leaf_19_3,0.11844383341955196
gbdt_leaf_14_8,0.11824881915747
gbdt_leaf_21_23,0.11824715963298278
gbdt_leaf_10_6,-0.11818387633681844
gbdt_leaf_24_35,-0.11811396861527418
gbdt_leaf_24_2,-0.1181135479179641
gbdt_leaf_17_39,-0.11797597272622229
gbdt_leaf_31_10,-0.11796848799486517
gbdt_leaf_25_13,0.11776057556649656
gbdt_leaf_14_12,0.11756678791394799
gbdt_leaf_5_44,-0.1175438634362133
gbdt_leaf_1_23,-0.11752483372681209
gbdt_leaf_29_20,-0.11748752739185878
gbdt_leaf_7_25,0.11730408790364671
gbdt_leaf_15_42,-0.117210929992321
gbdt_leaf_17_41,-0.117210929992321
gbdt_leaf_31_24,0.1171852635416641
gbdt_leaf_21_48,-0.11706069700119211
gbdt_leaf_21_16,-0.11696434801410462
gbdt_leaf_2_38,-0.11682979528237299
gbdt_leaf_5_27,-0.11682252505694395
gbdt_leaf_22_24,-0.11682252505694395
gbdt_leaf_22_1,-0.11676102038244932
gbdt_leaf_24_15,0.11672224088255188
gbdt_leaf_17_24,0.11672224088255188
gbdt_leaf_23_46,-0.11660275695024185
gbdt_leaf_8_39,-0.11647227858144174
gbdt_leaf_29_10,0.11636360590186634
gbdt_leaf_23_26,0.11624382113681847
gbdt_leaf_29_2,0.11618738265015324
gbdt_leaf_27_45,-0.11618217975724936
gbdt_leaf_2_27,-0.11618097310352982
gbdt_leaf_11_19,0.11610371604674832
gbdt_leaf_24_28,0.11608113358017384
gbdt_leaf_5_29,0.1156322511091994
gbdt_leaf_17_35,0.11528228521446368
gbdt_leaf_3_37,-0.11522235642371742
gbdt_leaf_25_49,0.11521406832408508
gbdt_leaf_12_20,-0.11512436896795329
gbdt_leaf_30_32,-0.11503812999010819
gbdt_leaf_24_32,-0.11479660706631337
gbdt_leaf_22_25,0.11473249346731203
gbdt_leaf_8_11,-0.11450383925922844
gbdt_leaf_7_47,-0.11445758728719527
gbdt_leaf_11_36,0.11430797237789289
gbdt_leaf_15_30,-0.11421747147997184
gbdt_leaf_13_19,0.11421225823244549
gbdt_leaf_20_47,-0.11417925463181419
gbdt_leaf_2_45,-0.11412897408912498
gbdt_leaf_27_41,-0.11409095154019865
gbdt_leaf_25_43,-0.11409095154019865
gbdt_leaf_23_5,-0.11362678473472514
gbdt_leaf_5_6,-0.11331699156826544
gbdt_leaf_23_10,0.11325557443983376
gbdt_leaf_2_30,-0.11304198494284981
gbdt_leaf_15_16,0.1126630333049355
gbdt_leaf_18_48,-0.1124987547254742
gbdt_leaf_26_14,0.11233480548426973
gbdt_leaf_23_3,-0.11227879501403198
gbdt_leaf_10_38,-0.11217193705748925
gbdt_leaf_29_8,0.1117658447113018
gbdt_leaf_20_25,0.1116047143080291
gbdt_leaf_26_50,-0.11159409114128746
gbdt_leaf_5_15,-0.11157724971791136
gbdt_leaf_7_39,-0.11150936372791016
gbdt_leaf_13_0,0.11130619376414184
gbdt_leaf_3_32,-0.11116660816049923
gbdt_leaf_9_6,-0.1110812515655968
gbdt_leaf_20_35,-0.11099942204184338
gbdt_leaf_20_12,0.11093107021018643
gbdt_leaf_6_7,0.11087736811433455
gbdt_leaf_22_37,0.11005459431123704
gbdt_leaf_23_41,-0.10993276222834575
gbdt_leaf_21_41,-0.10982520947833027
gbdt_leaf_2_25,-0.10979706262626839
gbdt_leaf_3_3,0.1097213068908331
gbdt_leaf_0_3,0.1097213068908331
gbdt_leaf_12_4,0.1097213068908331
gbdt_leaf_13_44,-0.10969950816540323
gbdt_leaf_8_4,-0.1096911855803185
gbdt_leaf_13_4,-0.1096911855803185
gbdt_leaf_1_2,-0.1095980315498013
gbdt_leaf_23_39,0.10958050105253486
gbdt_leaf_17_4,-0.10953145319450498
gbdt_leaf_7_31,0.10940449437967818
gbdt_leaf_28_45,-0.10929536420161685
gbdt_leaf_3_21,-0.10891116949675743
gbdt_leaf_14_28,0.10872759411697139
gbdt_leaf_1_6,0.10850367245351078
gbdt_leaf_24_46,-0.1083814004541067
gbdt_leaf_8_3,-0.10836276262771499
gbdt_leaf_15_49,-0.10772725747460919
gbdt_leaf_31_42,-0.10750018063988942
gbdt_leaf_26_40,-0.10750018063988942
gbdt_leaf_28_41,-0.10750018063988942
gbdt_leaf_5_11,-0.10742129586570003
gbdt_leaf_4_40,-0.10731975571295152
gbdt_leaf_30_18,-0.10650076841203508
gbdt_leaf_31_2,0.10643310380436798
gbdt_leaf_27_2,0.10643310380436798
gbdt_leaf_23_1,0.10643310380436798
gbdt_leaf_19_27,0.1061738912189636
gbdt_leaf_2_5,-0.10608457104898172
gbdt_leaf_23_15,-0.10597357852389643
gbdt_leaf_6_49,-0.10582411422460318
gbdt_leaf_13_11,-0.10580044221613917
gbdt_leaf_30_5,0.1057367163122955
gbdt_leaf_31_22,0.10571582566138317
gbdt_leaf_19_41,-0.10562584920796664
gbdt_leaf_18_19,-0.1055182995617412
gbdt_leaf_19_19,-0.1055182995617412
gbdt_leaf_8_9,0.10544506057981394
gbdt_leaf_18_10,-0.10530049720205195
gbdt_leaf_22_46,-0.10513393757642493
gbdt_leaf_10_22,-0.10510039008597899
gbdt_leaf_6_11,-0.10500732097302332
gbdt_leaf_9_40,-0.10493375358129095
gbdt_leaf_1_33,0.1045718719994891
gbdt_leaf_30_12,0.10452986738858983
gbdt_leaf_8_24,-0.1045059709363538
gbdt_leaf_9_19,-0.1045059709363538
gbdt_leaf_31_17,-0.10437200355971499
gbdt_leaf_24_20,-0.10424481266232494
gbdt_leaf_6_35,-0.10423005774301226
gbdt_leaf_9_42,-0.10408969921884986
gbdt_leaf_14_9,-0.10381357019071363
gbdt_leaf_17_38,-0.10357207796533115
gbdt_leaf_2_13,0.10352190001510794
gbdt_leaf_8_33,-0.10336117772173513
gbdt_leaf_23_14,-0.10332587363191327
gbdt_leaf_12_1,0.1033194094077712
gbdt_leaf_4_31,0.10331575264978966
gbdt_leaf_12_7,-0.10319953799133248
gbdt_leaf_1_35,-0.10319873591861269
gbdt_leaf_22_47,-0.10261060426064213
gbdt_leaf_31_13,0.10246386972751897
gbdt_leaf_10_44,-0.10238703122706144
gbdt_leaf_28_15,0.10234684002290219
gbdt_leaf_17_48,-0.10222951054604941
gbdt_leaf_9_12,0.10219609551287236
gbdt_leaf_6_47,-0.10215669087245427
gbdt_leaf_11_28,0.1021226059654377
gbdt_leaf_22_5,-0.10210367252481442
gbdt_leaf_26_3,0.10208601647567732
gbdt_leaf_3_31,0.10198916744149367
gbdt_leaf_31_5,-0.10176796935013653
gbdt_leaf_0_42,-0.10140039087812895
gbdt_leaf_7_38,-0.1011926045291742
gbdt_leaf_18_38,-0.10087822474459839
gbdt_leaf_25_47,-0.10078122584814356
gbdt_leaf_28_17,0.10069702988186122
gbdt_leaf_27_40,-0.10063374829238494
gbdt_leaf_7_5,0.10037231246074997
gbdt_leaf_15_10,0.10037231246074997
gbdt_leaf_20_26,-0.10015711102044456
gbdt_leaf_1_36,0.10003721078612642
gbdt_leaf_19_17,0.09996935835147182
gbdt_leaf_16_11,-0.09989374664076103
gbdt_leaf_19_10,-0.09989374664076103
gbdt_leaf_15_34,0.09982553988981085
gbdt_leaf_29_19,-0.09980321397438709
gbdt_leaf_13_24,-0.09964923980439537
gbdt_leaf_26_51,-0.09952522284854899
gbdt_leaf_31_47,-0.09952522284854899
gbdt_leaf_28_48,-0.09952522284854899
gbdt_leaf_26_49,0.09937490381051
gbdt_leaf_13_14,-0.09926989422102457
gbdt_leaf_10_10,0.09904323692278218
gbdt_leaf_24_49,-0.09903350655502036
gbdt_leaf_15_47,-0.09903350655502036
gbdt_leaf_13_47,-0.09901835369084297
gbdt_leaf_24_3,0.09899794510438399
gbdt_leaf_17_3,0.09899794510438399
gbdt_leaf_15_4,0.09899794510438399
gbdt_leaf_30_42,-0.09885011968212856
gbdt_leaf_11_3,0.09873853540460055
gbdt_leaf_24_41,-0.09863763486473108
gbdt_leaf_25_2,0.09853046654940839
gbdt_leaf_21_2,0.09853046654940839
gbdt_leaf_10_19,-0.09848722043954662
gbdt_leaf_18_21,-0.09834537588206335
gbdt_leaf_20_24,-0.09834490184333919
gbdt_leaf_16_1,0.09824631930351907
gbdt_leaf_19_1,0.09824631930351907
gbdt_leaf_25_44,0.0978939377404216
gbdt_leaf_24_5,0.09785626287104936
gbdt_leaf_0_1,0.09751059619037038
gbdt_leaf_14_39,-0.09746358430385826
gbdt_leaf_12_46,-0.09740672306462728
gbdt_leaf_10_18,-0.09729778563332649
gbdt_leaf_14_40,0.09727917306428395
gbdt_leaf_4_19,-0.09721000983384655
gbdt_leaf_3_24,-0.09721000983384655
gbdt_leaf_0_27,-0.09698915499954272
gbdt_leaf_5_34,0.09698020471243037
gbdt_leaf_30_3,-0.0966937356833156
gbdt_leaf_11_6,-0.09662574890714988
gbdt_leaf_26_38,-0.09661584541805333
gbdt_leaf_3_41,-0.09657853242448787
gbdt_leaf_25_48,-0.0965255605964893
gbdt_leaf_17_16,0.09618912667174692
gbdt_leaf_3_43,-0.09598875441210744
gbdt_leaf_14_48,-0.09591948604382866
gbdt_leaf_13_17,-0.09567121917003463
gbdt_leaf_26_11,0.09545885567179513
gbdt_leaf_7_42,0.09527362191511514
gbdt_leaf_28_12,-0.0950691257182463
gbdt_leaf_20_17,0.09503871519193517
gbdt_leaf_15_7,0.09487614658809145
gbdt_leaf_17_12,0.09487614658809145
gbdt_leaf_20_8,-0.09477723925822107
gbdt_leaf_21_43,0.09453544655703701
gbdt_leaf_19_44,-0.09453232327379409
gbdt_leaf_25_34,-0.0940949589661757
gbdt_leaf_15_21,0.09406019276824953
gbdt_leaf_6_30,0.09406019276824953
gbdt_leaf_24_25,0.09406019276824953
gbdt_leaf_7_45,-0.09382831887134323
gbdt_leaf_5_9,0.09374709678158134
gbdt_leaf_19_28,0.09345430357785434
gbdt_leaf_30_1,0.0933812630533905
gbdt_leaf_30_10,-0.09331266225652873
gbdt_leaf_12_43,-0.09326931358884206
gbdt_leaf_25_50,-0.09293445194823977
gbdt_leaf_27_47,-0.09293445194823977
gbdt_leaf_6_31,0.09276537946941149
gbdt_leaf_20_29,0.09273806907071015
gbdt_leaf_28_39,-0.09238060940896906
gbdt_leaf_21_35,0.0922323878188965
gbdt_leaf_21_5,-0.09206896365858219
gbdt_leaf_12_26,0.09204711700601534
gbdt_leaf_15_45,-0.09193413038936878
gbdt_leaf_18_34,-0.09179390169847601
gbdt_leaf_0_43,-0.09162233929146225
gbdt_leaf_11_43,-0.09156045608731626
gbdt_leaf_3_49,-0.0915060236964654
gbdt_leaf_31_6,0.09135263936056504
gbdt_leaf_4_39,-0.0912692975612521
gbdt_leaf_11_2,0.09117765345762123
gbdt_leaf_9_4,0.09116491532779895
gbdt_leaf_18_1,0.09099199003319629
gbdt_leaf_11_22,0.09080704854662021
gbdt_leaf_15_36,-0.09065943701037821
gbdt_leaf_16_22,-0.09049842836494054
gbdt_leaf_19_18,-0.0904962744177303
gbdt_leaf_9_10,-0.09036130941863209
gbdt_leaf_16_35,-0.09022843040800592
gbdt_leaf_5_5,0.09020921081338212
gbdt_leaf_2_32,0.09019991121968166
gbdt_leaf_7_11,0.09011505216631355
gbdt_leaf_14_45,-0.08993361556011117
gbdt_leaf_30_23,-0.08986879728676081
gbdt_leaf_8_10,0.08973490209143033
gbdt_leaf_20_4,0.08973490209143033
gbdt_leaf_22_11,0.08973490209143033
gbdt_leaf_21_17,0.08959771735117013
gbdt_leaf_27_8,0.0892944089916188
gbdt_leaf_7_8,-0.08916857562339905
gbdt_leaf_23_23,0.089124794914752
gbdt_leaf_1_44,-0.088942670269488
gbdt_leaf_21_31,0.08892344583275057
gbdt_leaf_31_36,-0.08879955793657857
gbdt_leaf_0_44,-0.08843204078783239
gbdt_leaf_27_43,-0.08830145591657934
gbdt_leaf_17_28,0.08823189532882232
gbdt_leaf_8_31,-0.08820613070484998
gbdt_leaf_10_37,-0.08793478665654389
gbdt_leaf_19_34,-0.08788323379127023
gbdt_leaf_7_4,-0.08786137673055165
gbdt_leaf_25_24,0.0877862863135543
gbdt_leaf_4_24,-0.08774361790838907
gbdt_leaf_25_22,-0.08758081852540771
gbdt_leaf_0_39,-0.08753848243382417
gbdt_leaf_7_43,-0.08747184167427861
gbdt_leaf_26_4,0.08702136915252198
gbdt_leaf_30_37,-0.08700178164956526
gbdt_leaf_21_14,-0.08699935497730915
gbdt_leaf_23_25,0.08698923928506723
gbdt_leaf_5_24,0.08698737477845868
gbdt_leaf_7_10,-0.08697406788776837
gbdt_leaf_14_3,0.08687814666764346
gbdt_leaf_21_34,0.08641095727490315
gbdt_leaf_14_30,0.08604482729195408
gbdt_leaf_2_18,-0.08603658795142678
gbdt_leaf_10_26,0.08596205320652883
gbdt_leaf_15_35,-0.0858816191561894
gbdt_leaf_23_21,0.08578062747273385
gbdt_leaf_25_9,-0.0856877779260813
gbdt_leaf_13_39,0.08560200111249952
gbdt_leaf_6_45,-0.08553398419318607
gbdt_leaf_22_3,-0.08543539656996407
gbdt_leaf_18_35,-0.08526740314016168
gbdt_leaf_5_18,0.08525749870827364
gbdt_leaf_22_21,-0.08519193231410196
gbdt_leaf_31_27,-0.08510794024978159
gbdt_leaf_1_12,0.08501380469904145
gbdt_leaf_12_47,-0.08498367614627618
gbdt_leaf_4_5,0.08490659716635833
gbdt_leaf_11_40,-0.08468854797546158
gbdt_leaf_1_25,0.08457519502738252
gbdt_leaf_2_16,0.08447597741269919
gbdt_leaf_11_35,-0.08439443496850538
gbdt_leaf_23_29,0.08436772481350152
gbdt_leaf_15_17,-0.08433689539903388
gbdt_leaf_8_19,0.08428191870224282
gbdt_leaf_4_48,-0.08413316597116102
gbdt_leaf_1_21,-0.08403460009024347
gbdt_leaf_9_7,0.08397506414250587
gbdt_leaf_1_24,-0.0838640400927375
gbdt_leaf_31_12,0.08365667228097401
gbdt_leaf_12_21,0.08365010952429473
gbdt_leaf_27_17,-0.08364904141153658
gbdt_leaf_22_19,0.08361335269753337
gbdt_leaf_24_50,-0.08355965457191569
gbdt_leaf_9_32,-0.08349793078334862
gbdt_leaf_28_43,-0.08339614824222194
gbdt_leaf_0_16,-0.08327697842280107
gbdt_leaf_26_48,-0.08325700023906549
gbdt_leaf_19_35,-0.08325483766833114
gbdt_leaf_19_38,-0.08313603639973209
gbdt_leaf_30_36,0.08302765451500031
gbdt_leaf_27_24,0.08300725262540626
gbdt_leaf_18_13,-0.08238040061655459
gbdt_leaf_9_46,-0.08230808324485564
gbdt_leaf_17_45,0.08224940187094848
gbdt_leaf_24_17,0.08224895108483454
gbdt_leaf_26_15,-0.08219398236152856
gbdt_leaf_23_31,-0.08211866680005996
gbdt_leaf_28_49,-0.08195797743124744
gbdt_leaf_1_29,-0.08182894120884651
gbdt_leaf_20_16,-0.08182799746254002
gbdt_leaf_23_7,-0.08169172763457773
gbdt_leaf_31_16,0.08167662998450158
gbdt_leaf_1_43,-0.0815737063322597
gbdt_leaf_9_45,-0.08136507304588388
gbdt_leaf_27_13,-0.08133611250220249
gbdt_leaf_12_13,0.08119322089180453
gbdt_leaf_7_28,-0.08113043575117317
gbdt_leaf_4_32,-0.0809008839803223
gbdt_leaf_10_16,-0.08085827917805626
gbdt_leaf_8_47,-0.08047178499977509
gbdt_leaf_28_11,0.08043851700762741
gbdt_leaf_27_46,-0.08039924395241586
gbdt_leaf_9_38,-0.08022441841043122
gbdt_leaf_10_4,0.08000702336184742
gbdt_leaf_2_48,-0.07993502063394532
gbdt_leaf_9_33,0.07975196129860025
gbdt_leaf_8_23,-0.07940820472926759
gbdt_leaf_3_39,-0.0793416273893844
gbdt_leaf_14_24,-0.07918890418221576
gbdt_leaf_20_37,0.07908563956791426
gbdt_leaf_9_2,0.07903277553310646
gbdt_leaf_21_3,0.0790266405130034
gbdt_leaf_2_2,0.07902242935544684
gbdt_leaf_21_38,0.07877875357421552
gbdt_leaf_6_50,-0.07874133912536975
gbdt_leaf_17_42,-0.07871059599580306
gbdt_leaf_16_40,0.07859479036531891
gbdt_leaf_16_34,0.07832170817012056
gbdt_leaf_1_18,-0.07831750152010808
gbdt_leaf_5_35,-0.07827037720082075
gbdt_leaf_19_22,-0.07814330736745177
gbdt_leaf_27_44,0.07786462079756977
gbdt_leaf_3_13,0.07780785857654149
gbdt_leaf_6_14,0.07767294182913245
gbdt_leaf_20_43,-0.07756564419071435
gbdt_leaf_25_19,-0.07703712586183743
gbdt_leaf_23_4,0.07691939187078027
gbdt_leaf_30_19,0.07682988560030939
gbdt_leaf_22_36,0.07663691703553832
gbdt_leaf_28_26,0.07657428881821013
gbdt_leaf_15_22,-0.07655651070535976
gbdt_leaf_4_43,-0.07654051408248362
gbdt_leaf_8_45,-0.0764551327360083
gbdt_leaf_30_21,-0.07642094766471205
gbdt_leaf_27_10,0.0763978803557487
gbdt_leaf_28_46,-0.076278295104725
gbdt_leaf_30_26,-0.07614673890924768
gbdt_leaf_18_26,-0.07605026046805785
gbdt_leaf_20_34,-0.07601139281225436
gbdt_leaf_1_42,-0.07581952931001588
gbdt_leaf_6_36,-0.07578372027176801
gbdt_leaf_23_47,-0.07565705477256138
gbdt_leaf_0_38,0.07565196447485457
gbdt_leaf_28_31,0.07562664391087161
gbdt_leaf_4_36,0.07558269093168693
gbdt_leaf_29_13,0.07555307122900913
gbdt_leaf_21_4,-0.07551813361539642
gbdt_leaf_4_47,-0.07532353427241711
gbdt_leaf_3_17,-0.07530231016943562
gbdt_leaf_14_5,-0.07516005338706723
gbdt_leaf_13_6,-0.0751580717087882
gbdt_leaf_19_39,0.07509286276054974
gbdt_leaf_14_23,-0.0750044393496125
gbdt_leaf_26_6,0.07499366439587311
gbdt_leaf_27_29,-0.07480483127973986
gbdt_leaf_10_11,0.07475570118864455
gbdt_leaf_13_8,0.07467620963156911
gbdt_leaf_19_47,-0.07462705830674643
gbdt_leaf_8_29,-0.07430900034803276
gbdt_leaf_15_1,0.07429147097025668
gbdt_leaf_29_24,-0.07396975487531729
gbdt_leaf_19_48,-0.07395217749058984
gbdt_leaf_7_19,0.07383168993440709
gbdt_leaf_11_5,-0.07379150477240709
gbdt_leaf_14_41,-0.07363036954214236
gbdt_leaf_7_14,0.0734506629295952
gbdt_leaf_0_14,-0.07343306491815187
gbdt_leaf_10_45,-0.07336348435908481
gbdt_leaf_4_25,0.07336003900555665
gbdt_leaf_8_17,-0.07335282432025082
gbdt_leaf_24_37,-0.07331911485271317
gbdt_leaf_13_9,0.07328565391840063
gbdt_leaf_31_45,-0.0731880112260495
gbdt_leaf_21_15,-0.07295110820652169
gbdt_leaf_27_9,0.07276310756568102
gbdt_leaf_10_41,-0.07276169909627409
gbdt_leaf_1_13,0.07267818674411387
gbdt_leaf_7_9,-0.07259478291464072
gbdt_leaf_15_5,0.07249035046907694
gbdt_leaf_22_23,-0.07248686949048162
gbdt_leaf_14_31,-0.07243360086719765
gbdt_leaf_1_45,-0.07239895231946149
gbdt_leaf_1_46,-0.07235354658108034
gbdt_leaf_15_48,-0.07226489657262722
gbdt_leaf_19_20,-0.07204362550374416
gbdt_leaf_30_17,-0.07162735565494421
gbdt_leaf_27_18,0.07142522211566536
gbdt_leaf_20_7,-0.0714058414136104
gbdt_leaf_5_3,-0.0714058414136104
gbdt_leaf_31_4,-0.07135294936753335
gbdt_leaf_6_23,-0.0711365630877421
gbdt_leaf_12_25,0.071027861882025
gbdt_leaf_6_17,-0.07091175103298566
gbdt_leaf_29_9,-0.07070629786396158
gbdt_leaf_30_33,-0.07068149588604386
gbdt_leaf_31_18,-0.07041422470129681
gbdt_leaf_0_33,0.0697446379450892
gbdt_leaf_4_26,0.06973046573911436
gbdt_leaf_0_13,-0.0696958968022813
gbdt_leaf_13_20,-0.06963915293077468
gbdt_leaf_15_19,-0.06940611721333677
gbdt_leaf_8_28,-0.06940611721333677
gbdt_leaf_5_10,0.06920942199267009
gbdt_leaf_4_14,0.0691861037976717
gbdt_leaf_15_3,-0.06918271764380135
gbdt_leaf_18_37,0.06917129020958962
gbdt_leaf_10_48,-0.06907736637359875
gbdt_leaf_17_18,-0.06876609418852993
gbdt_leaf_27_0,-0.06837458607525863
gbdt_leaf_21_42,0.06825782519827106
gbdt_leaf_4_45,0.06816176488963589
gbdt_leaf_3_44,0.06816176488963589
gbdt_leaf_29_23,0.06798261253521834
gbdt_leaf_6_40,-0.0679324707884844
gbdt_leaf_30_41,-0.06784091077367214
gbdt_leaf_4_13,-0.06777920295159798
gbdt_leaf_10_15,-0.06774272255968089
gbdt_leaf_7_48,-0.06754242147219983
gbdt_leaf_22_26,0.06749870564910065
gbdt_leaf_20_30,-0.06749016809056274
gbdt_leaf_4_23,-0.06734658580887949
gbdt_leaf_31_28,0.06685964332040242
gbdt_leaf_12_28,0.06685424965957522
gbdt_leaf_13_26,-0.06663984597327217
gbdt_leaf_11_7,-0.06653377671438293
gbdt_leaf_24_51,-0.06649658684918315
gbdt_leaf_27_33,-0.06645106288509982
gbdt_leaf_14_44,-0.06635805736765721
gbdt_leaf_18_39,0.06621856206559874
gbdt_leaf_2_31,-0.06618638638014195
gbdt_leaf_17_23,-0.06618187832578507
gbdt_leaf_12_44,-0.06611891462753826
gbdt_leaf_13_33,-0.06611840917736478
gbdt_leaf_3_0,-0.06585216590615504
gbdt_leaf_4_2,-0.06581248516915214
gbdt_leaf_24_1,0.06552598197616565
gbdt_leaf_0_20,0.0653794313668238
gbdt_leaf_2_42,0.06534662933295221
gbdt_leaf_20_33,-0.06522921960785234
gbdt_leaf_12_38,0.06514655564424732
gbdt_leaf_18_16,0.0650976799655632
gbdt_leaf_30_27,-0.06508869791642458
gbdt_leaf_10_28,-0.06499446012417455
gbdt_leaf_29_46,-0.0648283403008355
gbdt_leaf_19_46,-0.06476547731841922
gbdt_leaf_27_25,-0.06467887983314867
gbdt_leaf_22_2,0.06466971111412678
gbdt_leaf_6_12,0.06454933392915198
gbdt_leaf_5_0,-0.06450125235421851
gbdt_leaf_18_31,-0.06440879023206465
gbdt_leaf_28_0,0.06428143222135616
gbdt_leaf_3_50,-0.06409514762915677
gbdt_leaf_2_41,0.06405609733098745
gbdt_leaf_17_6,0.06400827665775573
gbdt_leaf_12_42,-0.06383932995698488
gbdt_leaf_7_17,-0.06378845214237835
gbdt_leaf_20_48,-0.0637387851270452
gbdt_leaf_23_38,-0.06368408098050521
gbdt_leaf_10_23,-0.06362791509013664
gbdt_leaf_11_31,0.0636217211312066
gbdt_leaf_2_37,-0.06320490573106238
gbdt_leaf_9_13,0.06312432771044285
gbdt_leaf_4_8,0.06287233426175937
gbdt_leaf_13_27,-0.06270327611742388
gbdt_leaf_24_27,0.06268388162179063
gbdt_leaf_3_12,-0.06256339671550047
gbdt_leaf_20_5,-0.062481536027380595
gbdt_leaf_8_6,0.062279572155648076
gbdt_leaf_25_40,-0.062209732852314625
gbdt_leaf_0_37,0.06215612428003727
gbdt_leaf_11_4,0.062056646195622574
gbdt_leaf_22_32,-0.06203088125568346
gbdt_leaf_3_34,-0.061880802351097074
gbdt_leaf_5_1,-0.06176864031113867
gbdt_leaf_12_29,-0.0615547779482835
gbdt_leaf_12_36,-0.061551270141082616
gbdt_leaf_2_9,0.061328113344346
gbdt_leaf_17_31,-0.06126995887723803
gbdt_leaf_19_15,0.061251406478146135
gbdt_leaf_25_0,-0.06121453575423268
gbdt_leaf_11_46,-0.06116994714692964
gbdt_leaf_14_13,-0.06115233569586957
gbdt_leaf_9_30,-0.06065420375541424
gbdt_leaf_18_28,0.06050194422806402
gbdt_leaf_25_25,0.060430728401502556
gbdt_leaf_0_24,-0.06040855625060244
gbdt_leaf_14_36,0.06040473147669308
gbdt_leaf_18_40,0.06039557256916579
gbdt_leaf_0_47,-0.06039379350329751
gbdt_leaf_14_32,0.06038016990734638
gbdt_leaf_10_33,-0.06025864768582298
gbdt_leaf_19_43,0.060108868616996006
gbdt_leaf_25_16,-0.0600638543964846
gbdt_leaf_8_42,-0.05999222218854637
gbdt_leaf_23_30,0.059939695854037744
gbdt_leaf_5_37,-0.05985174062792142
gbdt_leaf_22_38,-0.05985174062792142
gbdt_leaf_3_9,0.05981135662022439
gbdt_leaf_12_12,0.059661777029609585
gbdt_leaf_13_36,-0.05956155120877075
gbdt_leaf_1_16,0.0594890993208748
gbdt_leaf_15_28,0.05943659418267523
gbdt_leaf_20_2,-0.05936697934101266
gbdt_leaf_19_21,-0.0593280550354229
gbdt_leaf_0_48,-0.05927328917551571
gbdt_leaf_26_2,0.059229968399442834
gbdt_leaf_6_48,-0.059201968350922576
gbdt_leaf_14_4,0.05911957653292676
gbdt_leaf_29_47,-0.05908592925856654
gbdt_leaf_25_28,-0.05884356107330017
gbdt_leaf_23_28,0.05883723942937064
gbdt_leaf_11_29,-0.05882971190576921
gbdt_leaf_18_4,-0.05875487025289279
gbdt_leaf_18_36,0.058636066281250745
gbdt_leaf_9_18,0.058593234833758785
gbdt_leaf_0_36,-0.058551318027285915
gbdt_leaf_24_40,-0.05850492256236382
gbdt_leaf_27_34,0.05848851862285154
gbdt_leaf_13_12,0.058369092034420804
gbdt_leaf_22_41,-0.05823902489293013
gbdt_leaf_3_42,-0.058126308572626045
gbdt_leaf_24_16,-0.058111359214048294
gbdt_leaf_13_34,0.05802897236590429
gbdt_leaf_0_46,-0.0578017306471957
gbdt_leaf_7_15,-0.05771641302615443
gbdt_leaf_19_7,-0.0576957144118931
gbdt_leaf_9_35,0.0576892313028583
gbdt_leaf_1_40,-0.05759654795227252
gbdt_leaf_30_43,0.05715009072483127
gbdt_leaf_6_29,-0.05696922970916515
gbdt_leaf_26_17,-0.05675450482382596
gbdt_leaf_7_3,0.05667047718420933
gbdt_leaf_22_4,0.056541066956036015
gbdt_leaf_31_7,-0.056328153212672684
gbdt_leaf_8_13,-0.05631548629348894
gbdt_leaf_23_19,0.056011555952397846
gbdt_leaf_12_30,0.05597123067264333
gbdt_leaf_6_4,0.05595089766433726
gbdt_leaf_23_6,0.055894508945683014
gbdt_leaf_23_11,-0.05566570129063708
gbdt_leaf_28_3,-0.05564587059958002
gbdt_leaf_6_25,-0.05539164565506321
gbdt_leaf_10_12,-0.05520692334990719
gbdt_leaf_2_26,-0.0551667323360116
gbdt_leaf_8_2,0.05505905221137671
gbdt_leaf_6_2,0.05505905221137671
gbdt_leaf_23_32,0.05496954473950457
gbdt_leaf_17_33,-0.05491609904391188
gbdt_leaf_24_39,-0.05491609904391188
gbdt_leaf_16_36,0.054764940283637584
gbdt_leaf_26_47,0.05448558757070079
gbdt_leaf_23_44,-0.05442698124025957
gbdt_leaf_2_17,0.054404523194413655
gbdt_leaf_5_23,0.054404523194413655
gbdt_leaf_10_14,0.05433365862742859
gbdt_leaf_29_11,-0.054306477328468536
gbdt_leaf_30_2,-0.054137647256400356
gbdt_leaf_28_37,-0.05408487824994415
gbdt_leaf_26_22,0.05407149606368139
gbdt_leaf_28_10,-0.05383032593047091
gbdt_leaf_21_30,0.05373444675006771
gbdt_leaf_14_26,0.053607559922234906
gbdt_leaf_9_16,-0.053606611344230934
gbdt_leaf_4_3,0.05358088275983869
gbdt_leaf_21_49,-0.05356925461232745
gbdt_leaf_28_29,-0.05331727448563725
gbdt_leaf_14_21,-0.05330509644527096
gbdt_leaf_17_21,0.05319865843218677
gbdt_leaf_16_15,0.05310088262799548
gbdt_leaf_15_20,-0.05308509930403777
gbdt_leaf_7_13,-0.053018450994496424
gbdt_leaf_3_4,0.05296163077473657
gbdt_leaf_0_4,0.05296163077473657
gbdt_leaf_21_6,0.05291964176563555
gbdt_leaf_22_6,-0.05287153117112746
gbdt_leaf_1_19,-0.05281021621235758
gbdt_leaf_29_39,0.05268977117615081
gbdt_leaf_5_4,0.052677233229489286
gbdt_leaf_5_43,-0.05260072525534375
gbdt_leaf_11_0,0.052558312538111135
gbdt_leaf_15_27,-0.052011050061495506
gbdt_leaf_3_8,-0.051986902902243046
gbdt_leaf_11_9,-0.05161492704425297
gbdt_leaf_29_38,-0.0516036288989585
gbdt_leaf_24_23,0.05153379453076329
gbdt_leaf_20_9,-0.0515236500459492
gbdt_leaf_28_24,-0.05150641665720557
gbdt_leaf_19_31,-0.05150053236589492
gbdt_leaf_24_36,0.05110199607960116
gbdt_leaf_16_43,-0.050405509318958874
gbdt_leaf_28_23,-0.05035371712399587
gbdt_leaf_18_12,0.050275355766026715
gbdt_leaf_24_38,0.05022288982584487
gbdt_leaf_27_30,0.05013320990045847
gbdt_leaf_24_33,0.05005962018614892
gbdt_leaf_23_27,-0.04995476391681297
gbdt_leaf_2_28,-0.049874455312155334
gbdt_leaf_12_41,-0.049837716721934704
gbdt_leaf_6_28,0.049744292290842665
gbdt_leaf_28_25,-0.049696340568019685
gbdt_leaf_20_3,-0.04969221937750544
gbdt_leaf_28_9,-0.04932574914601561
gbdt_leaf_0_28,0.049276960131921566
gbdt_leaf_11_37,-0.049204293132410024
gbdt_leaf_27_36,-0.04914337748021985
gbdt_leaf_7_1,0.04904862451975671
gbdt_leaf_31_43,-0.04886892377899003
gbdt_leaf_14_29,-0.048607120192435446
gbdt_leaf_30_46,-0.04837230339775465
gbdt_leaf_14_16,0.04833141713968968
gbdt_leaf_24_31,-0.04823469157780818
gbdt_leaf_11_44,0.048019251909753737
gbdt_leaf_16_38,0.047925177252852114
gbdt_leaf_28_18,-0.04792106790753066
gbdt_leaf_6_44,-0.04763672403113534
gbdt_leaf_19_33,0.0476179616642925
gbdt_leaf_0_41,-0.04740954649772632
gbdt_leaf_3_40,-0.04740954649772632
gbdt_leaf_9_11,-0.047393356557231286
gbdt_leaf_9_0,-0.04739292719638904
gbdt_leaf_10_8,0.047385433132712616
gbdt_leaf_7_35,-0.0473732466571549
gbdt_leaf_21_12,-0.04729623009336136
gbdt_leaf_1_31,0.047236107753537225
gbdt_leaf_5_42,-0.04715375316260616
gbdt_leaf_6_24,0.04709893794879991
gbdt_leaf_11_26,-0.04699735572076163
gbdt_leaf_18_30,0.04696703827168674
gbdt_leaf_29_21,-0.04690286307376603
gbdt_leaf_0_31,0.04686281080443428
gbdt_leaf_8_41,-0.04654115477314956
gbdt_leaf_20_42,-0.04654115477314956
gbdt_leaf_26_43,-0.04645942256747298
gbdt_leaf_28_8,0.04638316711393753
gbdt_leaf_19_37,0.04627738883484252
gbdt_leaf_7_33,0.04619557376382086
gbdt_leaf_7_40,-0.04588776085896113
gbdt_leaf_2_47,-0.045697625284724396
gbdt_leaf_9_41,0.04564977216268459
gbdt_leaf_5_36,-0.04557816451753371
gbdt_leaf_16_19,-0.045509571791437525
gbdt_leaf_16_20,0.045440306020237735
gbdt_leaf_14_17,-0.04515175215896812
gbdt_leaf_13_31,-0.04513214371014132
gbdt_leaf_26_13,-0.04489001060169799
gbdt_leaf_16_21,0.0448490356727602
gbdt_leaf_2_0,0.04483745309337323
gbdt_leaf_16_27,-0.044776555605090994
gbdt_leaf_20_36,-0.04464271314899142
gbdt_leaf_27_42,-0.04455175416551545
gbdt_leaf_29_43,-0.04454253606618931
gbdt_leaf_13_35,0.04452520825183997
gbdt_leaf_26_28,-0.04438517756167438
gbdt_leaf_14_7,0.04429982464922616
gbdt_leaf_31_44,-0.04427344541542547
gbdt_leaf_31_35,0.04417650701600916
gbdt_leaf_28_38,-0.04400956441248346
gbdt_leaf_5_17,-0.04394689170304955
gbdt_leaf_6_20,-0.043810659600844286
gbdt_leaf_22_14,-0.04378626997336253
gbdt_leaf_9_34,-0.0435220684225467
gbdt_leaf_21_21,-0.04342443854164786
gbdt_leaf_1_47,-0.043332731380372934
gbdt_leaf_18_32,-0.0433218623809699
gbdt_leaf_30_34,-0.04324680105866351
gbdt_leaf_12_14,0.043211380290280064
gbdt_leaf_0_23,-0.043080039858315315
gbdt_leaf_15_44,-0.042972425068657456
gbdt_leaf_24_44,-0.042972425068657456
gbdt_leaf_23_17,0.04294636107981394
gbdt_leaf_14_27,-0.042924669728614855
gbdt_leaf_21_28,0.04280391222025759
gbdt_leaf_20_32,-0.042444654169862414
gbdt_leaf_22_34,-0.04209064845803916
gbdt_leaf_6_19,0.041953712164818996
gbdt_leaf_1_39,-0.04187477073127927
gbdt_leaf_25_45,-0.04173020188888345
gbdt_leaf_23_40,0.041704588607154106
gbdt_leaf_16_18,0.04152993677805409
gbdt_leaf_5_40,0.04151086006325113
gbdt_leaf_13_21,-0.04148633673017832
gbdt_leaf_4_0,-0.04146367108028895
gbdt_leaf_24_9,0.04134832033934851
gbdt_leaf_15_32,0.04121150583592535
gbdt_leaf_3_47,-0.04115202319144112
gbdt_leaf_5_14,-0.0410540436967039
gbdt_leaf_9_44,-0.041003757577618094
gbdt_leaf_28_30,-0.04080980200353311
gbdt_leaf_25_32,-0.040546616968806355
gbdt_leaf_22_44,-0.04031921427506616
gbdt_leaf_5_16,0.04019994353864194
gbdt_leaf_19_24,0.03990926604676139
gbdt_leaf_5_39,-0.03979715823759236
gbdt_leaf_4_4,0.039784755468418434
gbdt_leaf_18_25,-0.03965432075669058
gbdt_leaf_31_38,0.03958240807043687
gbdt_leaf_24_7,0.03952665775631344
gbdt_leaf_20_13,-0.03952541913422297
gbdt_leaf_7_20,-0.039493118070774505
gbdt_leaf_21_7,-0.03948869496616494
gbdt_leaf_27_35,-0.039339292163380064
gbdt_leaf_18_29,0.03933324651180359
gbdt_leaf_29_37,0.039239062060531106
gbdt_leaf_12_34,0.03919657617522144
gbdt_leaf_17_27,-0.03909685970199038
gbdt_leaf_0_40,0.03908277414382473
gbdt_leaf_3_38,0.03908277414382473
gbdt_leaf_23_50,-0.03907291471575508
gbdt_leaf_21_46,-0.03904131531252862
gbdt_leaf_6_21,-0.03899103728518697
gbdt_leaf_16_24,0.03889700631207807
gbdt_leaf_24_13,0.03889436554586996
gbdt_leaf_4_41,0.03879428103206772
gbdt_leaf_30_44,-0.03858445047538581
gbdt_leaf_15_25,0.0385363647117251
gbdt_leaf_18_47,-0.038533964520320006
gbdt_leaf_11_39,-0.03849697480419848
gbdt_leaf_26_32,0.038420906801875945
gbdt_leaf_7_32,0.03823845108306634
gbdt_leaf_6_39,0.03815480097508119
gbdt_leaf_7_30,-0.038118576783065676
gbdt_leaf_15_6,0.03808611570146928
gbdt_leaf_17_9,0.03808611570146928
gbdt_leaf_27_19,-0.03793423410319109
gbdt_leaf_15_46,-0.03779300593264255
gbdt_leaf_3_10,0.037784587070176553
gbdt_leaf_18_18,-0.0374939543379452
gbdt_leaf_22_16,0.037323360951895396
gbdt_leaf_15_15,-0.03725624763782965
gbdt_leaf_5_22,-0.037178861676798104
gbdt_leaf_17_20,-0.03715867820002746
gbdt_leaf_10_21,0.0370583421539246
gbdt_leaf_16_45,-0.03696372326801136
gbdt_leaf_11_27,-0.0368921542127043
gbdt_leaf_22_18,-0.036491857602332096
gbdt_leaf_27_31,0.036438023478180724
gbdt_leaf_23_34,0.03629593931752258
gbdt_leaf_19_32,0.036287011119801496
gbdt_leaf_25_30,-0.03627388900362394
gbdt_leaf_19_49,-0.03603401093757765
gbdt_leaf_14_34,0.03602244008327779
gbdt_leaf_20_41,-0.035929656536687275
gbdt_leaf_9_31,0.03575966967185891
gbdt_leaf_30_35,0.03571144780358892
gbdt_leaf_27_4,-0.03556009978427505
gbdt_leaf_15_39,0.03549071774676544
gbdt_leaf_8_40,-0.03497293513930054
gbdt_leaf_2_43,-0.03497293513930054
gbdt_leaf_20_11,-0.034812338235518284
gbdt_leaf_10_0,0.03452060883355066
gbdt_leaf_27_28,0.034425904030378714
gbdt_leaf_16_29,0.03440130454322081
gbdt_leaf_8_44,-0.03435250744032856
gbdt_leaf_3_20,-0.03434892208635497
gbdt_leaf_1_4,0.03413578318589931
gbdt_leaf_27_37,-0.03388817755130003
gbdt_leaf_2_40,-0.03377853362207151
gbdt_leaf_1_1,-0.03375711629093799
gbdt_leaf_30_39,0.03366620436819101
gbdt_leaf_14_46,-0.0336185560393061
gbdt_leaf_21_1,-0.03361258819107067
gbdt_leaf_31_41,-0.033597594184078004
gbdt_leaf_20_38,-0.03357558342659246
gbdt_leaf_15_40,0.033502248831616725
gbdt_leaf_29_15,0.033099178093621895
gbdt_leaf_20_22,-0.03297468981799177
gbdt_leaf_29_40,-0.032866493634414976
gbdt_leaf_13_28,-0.03259163898834508
gbdt_leaf_8_35,-0.03254788012415059
gbdt_leaf_8_38,0.03251709487399556
gbdt_leaf_3_28,-0.03242991870455248
gbdt_leaf_26_37,-0.0323602099565632
gbdt_leaf_1_7,-0.032354976841978994
gbdt_leaf_22_20,-0.03229014761149373
gbdt_leaf_31_14,-0.03228935606143758
gbdt_leaf_16_16,0.032184583485330265
gbdt_leaf_13_43,0.03198225104092351
gbdt_leaf_14_15,-0.03195909099685991
gbdt_leaf_28_2,0.03192448646529985
gbdt_leaf_10_43,-0.03182594101284437
gbdt_leaf_5_7,0.031783635504164985
gbdt_leaf_2_29,0.03164101397086592
gbdt_leaf_4_9,0.03151360557920157
gbdt_leaf_9_17,-0.03146894116675807
gbdt_leaf_8_22,-0.03146894116675807
gbdt_leaf_6_15,-0.03146894116675807
gbdt_leaf_25_33,-0.03108034286592888
gbdt_leaf_2_44,-0.030891315452950402
gbdt_leaf_21_26,0.03087144533975726
gbdt_leaf_21_18,-0.030760211121744395
gbdt_leaf_4_17,-0.030732797219728637
gbdt_leaf_0_17,-0.030732797219728637
gbdt_leaf_3_22,-0.030732797219728637
gbdt_leaf_0_32,-0.030682983931791547
gbdt_leaf_31_19,-0.030646719065176232
gbdt_leaf_2_35,0.030593802809429433
gbdt_leaf_2_7,0.030579464629163614
gbdt_leaf_5_21,-0.030515243500491774
gbdt_leaf_23_16,0.030317985906133268
gbdt_leaf_2_36,0.03015056588084208
gbdt_leaf_7_37,-0.030094814283184532
gbdt_leaf_4_21,-0.030088209333674128
gbdt_leaf_2_21,0.029969639425478166
gbdt_leaf_3_19,0.029943632940946575
gbdt_leaf_23_45,-0.02992743746034262
gbdt_leaf_13_42,0.029871833008379842
gbdt_leaf_0_7,0.02978276678285174
gbdt_leaf_3_7,0.02978276678285174
gbdt_leaf_26_46,-0.029745507991707255
gbdt_leaf_7_22,0.02973057062714483
gbdt_leaf_11_41,0.02970291942993881
gbdt_leaf_0_45,0.029495238822948026
gbdt_leaf_18_8,-0.029489300997527532
gbdt_leaf_12_39,0.02925946599168454
gbdt_leaf_20_1,0.02904213522703484
gbdt_leaf_25_1,-0.029022964105818574
gbdt_leaf_26_1,-0.029022964105818574
gbdt_leaf_28_1,-0.029022964105818574
gbdt_leaf_27_1,-0.029022964105818574
gbdt_leaf_31_1,-0.029022964105818574
gbdt_leaf_8_5,0.02880707516414562
gbdt_leaf_31_39,-0.028635501767565016
gbdt_leaf_28_14,-0.028612952994069202
gbdt_leaf_30_47,-0.028492841234893596
gbdt_leaf_15_41,0.02847012584528945
gbdt_leaf_4_15,-0.028330492794180245
gbdt_leaf_16_33,0.028283349970036717
gbdt_leaf_29_35,-0.028153664270776663
gbdt_leaf_10_7,-0.028144767606066275
gbdt_leaf_0_5,0.0280989256532878
gbdt_leaf_3_5,0.0280989256532878
gbdt_leaf_19_5,-0.027963311677382197
gbdt_leaf_16_5,-0.027963311677382197
gbdt_leaf_7_18,-0.027702497443009094
gbdt_leaf_2_3,-0.027667545186090294
gbdt_leaf_5_2,-0.027667545186090294
gbdt_leaf_28_40,0.027279261218953705
gbdt_leaf_4_12,0.027276853090651552
gbdt_leaf_6_41,-0.02706879365324924
gbdt_leaf_25_27,-0.02698701495854818
gbdt_leaf_25_46,-0.02689539915353463
gbdt_leaf_25_39,-0.026883278931814598
gbdt_leaf_29_25,0.026691736741971502
gbdt_leaf_9_8,0.02668898243910435
gbdt_leaf_3_15,-0.0265221978509644
gbdt_leaf_25_10,0.026506605583140757
gbdt_leaf_4_1,0.026418874892002862
gbdt_leaf_30_31,-0.02624123749335759
gbdt_leaf_17_40,-0.026197010958729696
gbdt_leaf_0_22,-0.02610383382770367
gbdt_leaf_30_45,-0.02574653906528898
gbdt_leaf_29_34,-0.02550431980199247
gbdt_leaf_7_0,0.025400615195153624
gbdt_leaf_14_14,-0.025360859868404886
gbdt_leaf_3_46,0.025345371677281233
gbdt_leaf_30_22,0.025051097536539692
gbdt_leaf_11_30,-0.025028787796864616
gbdt_leaf_12_6,-0.024856588569323976
gbdt_leaf_17_34,0.024788106274679512
gbdt_leaf_31_23,0.024633658881054763
gbdt_leaf_13_22,0.024355686237176617
gbdt_leaf_6_13,-0.02428222696255228
gbdt_leaf_9_15,-0.02428222696255228
gbdt_leaf_8_20,-0.02428222696255228
gbdt_leaf_27_38,-0.024175536521579426
gbdt_leaf_16_14,-0.024110471941507908
gbdt_leaf_20_10,0.023968944691307625
gbdt_leaf_24_8,0.02376096630173574
gbdt_leaf_8_15,0.02370017225300801
gbdt_leaf_15_24,-0.023189900885431155
gbdt_leaf_6_18,-0.02293671211380638
gbdt_leaf_16_7,0.02212674027085028
gbdt_leaf_24_34,-0.02200863584268766
gbdt_leaf_24_30,-0.0219997456449252
gbdt_leaf_13_16,-0.02199134140849885
gbdt_leaf_25_38,0.02178412213460809
gbdt_leaf_3_36,-0.021649555341996037
gbdt_leaf_17_11,0.02144656375752556
gbdt_leaf_15_9,0.02144656375752556
gbdt_leaf_12_22,-0.02138959143501201
gbdt_leaf_12_37,-0.02120810990332452
gbdt_leaf_22_12,-0.021206488415137545
gbdt_leaf_29_42,-0.021163325720557773
gbdt_leaf_10_42,0.020974673926090148
gbdt_leaf_29_30,0.02096083587135801
gbdt_leaf_4_38,-0.02089228380022664
gbdt_leaf_29_31,0.02083447514396375
gbdt_leaf_9_25,0.02077980769649786
gbdt_leaf_6_42,0.020728926616613543
gbdt_leaf_8_21,-0.020480475227306387
gbdt_leaf_16_41,-0.020291610474960385
gbdt_leaf_5_19,0.020261787158479136
gbdt_leaf_23_0,0.020161245519214117
gbdt_leaf_8_1,-0.020154881168722577
gbdt_leaf_23_48,-0.020028115624058766
gbdt_leaf_15_38,-0.01993970342272268
gbdt_leaf_28_42,-0.01971870047385478
gbdt_leaf_7_2,0.01969348399147784
gbdt_leaf_1_37,-0.019582380893738954
gbdt_leaf_26_7,-0.019507796225055128
gbdt_leaf_22_30,-0.019317752646816507
gbdt_leaf_22_35,-0.019298714888398096
gbdt_leaf_20_44,-0.019170169707790865
gbdt_leaf_12_32,-0.019159180033427762
gbdt_leaf_17_22,-0.019156469698684956
gbdt_leaf_17_17,0.01910834665156313
gbdt_leaf_26_33,0.019063637300270612
gbdt_leaf_24_26,0.018980895571880346
gbdt_leaf_0_12,-0.01889677107985889
gbdt_leaf_7_41,-0.01875219918437111
gbdt_leaf_26_26,-0.018732684470993303
gbdt_leaf_14_0,-0.018728437832340575
gbdt_leaf_4_42,0.018529271233689477
gbdt_leaf_10_35,-0.01850610721917859
gbdt_leaf_14_11,-0.018322513817517438
gbdt_leaf_24_22,-0.018316213813640212
gbdt_leaf_16_6,-0.018298643979268947
gbdt_leaf_19_6,-0.018298643979268947
gbdt_leaf_18_5,-0.018298643979268947
gbdt_leaf_2_12,-0.01825446732849474
gbdt_leaf_7_34,0.01786985223004171
gbdt_leaf_13_41,-0.01785067537626708
gbdt_leaf_23_18,-0.017846381632827816
gbdt_leaf_5_32,-0.017780716639623634
gbdt_leaf_9_5,-0.017388074752788356
gbdt_leaf_13_18,-0.017286556031781215
gbdt_leaf_6_37,-0.01727547947443206
gbdt_leaf_28_16,0.016958885437456796
gbdt_leaf_17_7,0.016866701437906206
gbdt_leaf_30_29,-0.016796667998369562
gbdt_leaf_3_29,0.016788974119829606
gbdt_leaf_14_43,0.01676356732311839
gbdt_leaf_24_24,-0.016528047900616783
gbdt_leaf_28_44,-0.01649519726393529
gbdt_leaf_23_42,0.016417241103303257
gbdt_leaf_19_13,-0.01630701263465467
gbdt_leaf_28_34,0.016176748862306304
gbdt_leaf_22_27,0.01611542365651219
gbdt_leaf_18_23,-0.016036171953069025
gbdt_leaf_6_3,0.015960386735697017
gbdt_leaf_10_2,0.015960386735697017
gbdt_leaf_18_15,-0.01589076944427138
gbdt_leaf_15_31,-0.015876892160502105
gbdt_leaf_7_44,0.015804160390359343
gbdt_leaf_26_35,-0.015700337914313172
gbdt_leaf_18_45,0.015681240320873955
gbdt_leaf_10_13,0.015389185176656788
gbdt_leaf_1_15,-0.015324644362718751
gbdt_leaf_17_1,-0.015318296064180763
gbdt_leaf_20_28,-0.015184416802318204
gbdt_leaf_26_34,-0.015120122166525788
gbdt_leaf_25_15,-0.015115760502776715
gbdt_leaf_29_17,0.015099026255887014
gbdt_leaf_21_37,-0.014833667252443526
gbdt_leaf_25_26,-0.014816726413964415
gbdt_leaf_26_36,0.014739627934933925
gbdt_leaf_28_32,-0.014717431144507532
gbdt_leaf_9_39,-0.01449312214354189
gbdt_leaf_11_20,0.014424975637725976
gbdt_leaf_13_45,0.01404053115483256
gbdt_leaf_11_14,0.013754944994341402
gbdt_leaf_8_25,0.013636788034063029
gbdt_leaf_9_24,0.013636788034063029
gbdt_leaf_11_33,-0.013616440116414986
gbdt_leaf_2_14,0.01354826771220581
gbdt_leaf_18_0,-0.013489456715718127
gbdt_leaf_12_0,-0.013489456715718127
gbdt_leaf_17_25,-0.013449884171210175
gbdt_leaf_29_45,0.013317108822485208
gbdt_leaf_4_46,0.013283329031579045
gbdt_leaf_17_49,-0.013219533514767179
gbdt_leaf_6_43,-0.013203240131348012
gbdt_leaf_4_44,-0.013144585203295419
gbdt_leaf_29_41,-0.013026809830809834
gbdt_leaf_2_6,0.012802901292126943
gbdt_leaf_2_39,0.012790101082870875
gbdt_leaf_3_33,0.012788572153009976
gbdt_leaf_12_23,-0.012709097606798414
gbdt_leaf_17_44,-0.012567024569343272
gbdt_leaf_11_18,-0.012491495887962199
gbdt_leaf_24_19,0.01246939522111378
gbdt_leaf_25_42,-0.012347315403112185
gbdt_leaf_29_27,-0.012344249266440772
gbdt_leaf_30_9,-0.01228557484246347
gbdt_leaf_7_36,-0.011973996698472576
gbdt_leaf_24_0,-0.011926601831440998
gbdt_leaf_20_23,0.011901329857359052
gbdt_leaf_26_20,0.011857971566296067
gbdt_leaf_3_45,0.011637545550276853
gbdt_leaf_24_18,0.011518879392699537
gbdt_leaf_1_0,-0.011419628934230987
gbdt_leaf_9_14,0.011375543335602123
gbdt_leaf_11_38,0.011371194213943964
gbdt_leaf_11_48,-0.01098582524872585
gbdt_leaf_19_29,-0.010984889589278334
gbdt_leaf_1_11,-0.010889880431346725
gbdt_leaf_27_26,-0.010862305744817455
gbdt_leaf_3_26,0.010618284481249362
gbdt_leaf_5_8,-0.010600292183270325
gbdt_leaf_4_11,0.01052290481460229
gbdt_leaf_15_18,-0.010203769128292706
gbdt_leaf_24_43,0.010115618273897876
gbdt_leaf_2_8,-0.010095610152356153
gbdt_leaf_25_31,0.010005780826991847
gbdt_leaf_11_13,0.009611220596093142
gbdt_leaf_14_38,0.009401614859566945
gbdt_leaf_25_21,0.00906711855422349
gbdt_leaf_16_23,-0.00905005932799687
gbdt_leaf_5_30,0.008949517610881145
gbdt_leaf_13_38,0.008888926223444497
gbdt_leaf_11_23,-0.008876230840070675
gbdt_leaf_18_27,-0.008844943550477742
gbdt_leaf_22_10,-0.008672589891186137
gbdt_leaf_7_26,0.008611385123850752
gbdt_leaf_5_38,0.008539271240410512
gbdt_leaf_0_19,0.008527814834038739
gbdt_leaf_26_44,0.008520999723779447
gbdt_leaf_0_29,-0.008348488552888134
gbdt_leaf_24_48,-0.00785347048688035
gbdt_leaf_0_18,0.007718726092849506
gbdt_leaf_21_19,-0.007629150213239123
gbdt_leaf_2_1,0.007404297619976293
gbdt_leaf_15_37,-0.007350819919335409
gbdt_leaf_25_4,-0.007287632291205681
gbdt_leaf_23_8,0.007206106132497504
gbdt_leaf_9_1,0.007201848353973193
gbdt_leaf_22_43,-0.0070378291416121315
gbdt_leaf_10_34,0.00699322683584493
gbdt_leaf_17_43,0.006939159151852706
gbdt_leaf_24_6,-0.006359761415739701
gbdt_leaf_17_5,-0.006359761415739701
gbdt_leaf_30_40,-0.006350288628616796
gbdt_leaf_29_22,-0.006343214953172973
gbdt_leaf_13_25,-0.006119864329475112
gbdt_leaf_7_7,-0.006062208804101242
gbdt_leaf_23_43,0.006012824534890433
gbdt_leaf_15_43,0.005960316242649861
gbdt_leaf_10_5,-0.005751403211818272
gbdt_leaf_8_32,-0.005535189297062769
gbdt_leaf_20_21,-0.005535189297062769
gbdt_leaf_29_18,-0.005383204251443068
gbdt_leaf_11_15,0.005373071974885053
gbdt_leaf_21_40,-0.005142144547345497
gbdt_leaf_28_21,0.00506203238287353
gbdt_leaf_27_11,-0.004971401518119401
gbdt_leaf_5_31,0.004943790362272409
gbdt_leaf_30_30,-0.004835417190913509
gbdt_leaf_1_14,-0.004645080776404735
gbdt_leaf_14_18,0.0045540370879590805
gbdt_leaf_14_47,-0.004529403749617314
gbdt_leaf_5_25,-0.0043759800126102755
gbdt_leaf_18_44,-0.004356181694010871
gbdt_leaf_19_40,0.004302021461573434
gbdt_leaf_10_40,-0.00418962432724701
gbdt_leaf_1_41,0.004025811304584212
gbdt_leaf_25_3,0.003951710416932087
gbdt_leaf_8_0,0.0037552805215335123
gbdt_leaf_24_21,0.003662217701344877
gbdt_leaf_12_33,0.003622911840092585
gbdt_leaf_12_31,-0.003597330064543615
gbdt_leaf_30_38,0.0035702306071943657
gbdt_leaf_8_7,-0.0035650879347440658
gbdt_leaf_14_1,0.0035576300285772556
gbdt_leaf_6_27,-0.0035552161728242293
gbdt_leaf_30_20,0.003409578009388319
gbdt_leaf_2_33,-0.003399562010770552
gbdt_leaf_28_7,-0.003389192225720019
gbdt_leaf_0_10,-0.0033382849709082444
gbdt_leaf_12_15,-0.003083177847710284
gbdt_leaf_22_17,0.003069770203581702
gbdt_leaf_9_37,-0.00305322454517846
gbdt_leaf_4_22,0.0030300887565207634
gbdt_leaf_18_24,0.002921198854738911
gbdt_leaf_26_29,-0.002373725828927954
gbdt_leaf_1_28,0.0019576866784668393
gbdt_leaf_15_12,-0.0019426993923794115
gbdt_leaf_2_46,-0.0019361458572464464
gbdt_leaf_18_11,0.0018103677015759699
gbdt_leaf_3_23,0.001713085483250845
gbdt_leaf_4_18,0.001713085483250845
gbdt_leaf_24_10,0.0017111765383389698
gbdt_leaf_17_14,0.0017111765383389698
gbdt_leaf_22_31,-0.0016981029217633618
gbdt_leaf_21_36,0.0013252402811567746
gbdt_leaf_4_33,-0.0012437356845845188
gbdt_leaf_31_8,-0.0012077676369875424
gbdt_leaf_21_33,-0.0011015935213162186
gbdt_leaf_15_23,-0.0010715380440850168
gbdt_leaf_13_7,0.0009404981889583986
gbdt_leaf_2_10,0.0008753765745334016
gbdt_leaf_21_39,-0.0007228926467533392
gbdt_leaf_20_0,0.0006595415455389277
gbdt_leaf_6_6,-0.0006546649772852802
gbdt_leaf_26_21,0.00044169708110459327
gbdt_leaf_13_46,0.00042611849230984915
gbdt_leaf_23_35,-0.0002165103799856685
gbdt_leaf_25_29,0.00011956262926453499
gbdt_leaf_21_32,4.8972687469514805e-05
